Ligand1,Ligand2,calc_DDG,calc_dDDG(MBAR),calc_dDDG(additional)
lig_1d,lig_5,3.021133333,0,0.318304857
lig_1b,lig_6b,-0.8379,0,0.154257015
lig_1b,lig_6e,-0.666166667,0,0.033689002
lig_1b,lig_6a,-1.340566667,0,0.171527342
lig_3a,lig_3b,0.425566667,0,0.167216633
lig_6b,lig_7a,1.433966667,0,0.069925214
lig_1b,lig_5,2.544766667,0,0.204449999
lig_1a,lig_5,1.0225,0,0.167873186
lig_1c,lig_5,3.153266667,0,0.082199608
lig_3a,lig_5,1.239533333,0,0.113316969
