Ligand,expt_DDG,expt_dDDG
lig_1d,-8.245697897,0.071701721
lig_1b,-8.460803059,0.191204589
lig_3a,-8.317399618,0.143403442
lig_6b,-8.891013384,0.119502868
lig_1a,-7.480879541,0.047801147
lig_1c,-8.556405354,0.167304015
lig_5,-7.576481836,0
lig_6e,-8.914913958,0.071701721
lig_6a,-9.177820268,0.047801147
lig_3b,-7.863288719,0.119502868
lig_7a,-8.221797323,0.023900574
