Ligand,expt_DDG,expt_dDDG
1a,-8.549684206,0
1b,-9.9361492,0
3a,-10.99535649,0
3b,-11.51810506,0
5a,-10.75742339,0
5b,-10.47331276,0
5c,-9.959384564,0
5d,-10.88394982,0
5e,-10.10657905,0
5f,-10.26200995,0
5g,-10.80484262,0
5h,-10.04873567,0
5i,-12.07762683,0
5j,-11.08328407,0
5k,-10.96225156,0
5l,-10.09158017,0
5m,-12.68759814,0
5n,-10.71352004,0
5o,-12.03675379,0
8a,-10.80484262,0
8b,-11.92874212,0
8c,-10.26200995,0
8d,-12.48826389,0
8e,-10.24258447,0
8f,-11.80985997,0
