Ligand,expt_DDG,expt_dDDG
23,-11.73412841,0.177727215
27,-11.3117598,0.174242368
28,-11.00913441,0.018121206
31,-9.572931435,0.178961432
42,-9.813138717,0.17587589
43,-8.287931857,0.176316682
45,-9.585403981,0.176466738
46,-11.34767528,0.172790348
47,-9.727129402,0.176126069
48,-9.030098769,0.177727215
50,-9.005914837,0.177727215
54,-10.56463533,0.177727215
55,-9.234390566,0.177727215
